<?xml version="1.0" encoding="UTF-8" ?>
<Project>
    <ProjectInfo gkxmlVersion="1.2">
        <Title>KTDS_Out_All_250730</Title>
    </ProjectInfo>
    <Building sourceType="GPL" northAxis="0.000000">
        <EarthReferenceSystem type="WGS84">
            <altitudeMode>relativeToGround</altitudeMode>
            <Location>
                <longitude>126.9775009</longitude>
                <latitude>37.5680542</latitude>
                <altitude>0</altitude>
            </Location>
            <Orientation>
                <heading>0</heading>
                <tilt>0.0</tilt>
                <roll>0.0</roll>
            </Orientation>
        </EarthReferenceSystem>
        <ExportOptions>
            <Item name="floorMerge" value="false" />
            <Item name="wallMerge" value="true" />
        </ExportOptions>
        <Unit>centimeter</Unit>
        <DefaultBuilding>false</DefaultBuilding>
        <DefaultFloor>0</DefaultFloor>
        <Floors>
            <Floor id="0" name="지하주차장" baseFloor="1" groupID="0" isMain="True">
                <FileSource name=".\KTDS_Out_All_250730_지하주차장_0.sbm" type="SBM" />
                <BoundingBox minimum="-153937.500000, -11854.442383, -180897.171875" maximum="153937.500000, 16.381355, 180897.171875" />
            </Floor>
            <Floor id="1" name="A동" baseFloor="2" groupID="1" isMain="True">
                <FileSource name=".\KTDS_Out_All_250730_A동_1.sbm" type="SBM" />
                <BoundingBox minimum="-32137.062500, -15309.500000, -26622.000000" maximum="32137.062500, 159059.515625, 26622.011719" />
            </Floor>
            <Floor id="2" name="B동" baseFloor="3" groupID="2" isMain="True">
                <FileSource name=".\KTDS_Out_All_250730_B동_2.sbm" type="SBM" />
                <BoundingBox minimum="-44166.015625, -7880.003906, -22593.035156" maximum="44166.007813, 153280.000000, 22596.464844" />
            </Floor>
            <Floor id="3" name="판매시설" baseFloor="4" groupID="3" isMain="True">
                <FileSource name=".\KTDS_Out_All_250730_판매시설_3.sbm" type="SBM" />
                <BoundingBox minimum="-97899.250000, -7609.676758, -78342.718750" maximum="97899.250000, 30369.062500, 78342.726563" />
            </Floor>
            <Floor id="4" name="기타시설" baseFloor="5" groupID="4" isMain="True">
                <FileSource name=".\KTDS_Out_All_250730_기타시설_4.sbm" type="SBM" />
                <BoundingBox minimum="-86347.406250, -15268.930664, -78195.421875" maximum="86347.414063, 154961.968750, 78195.429688" />
            </Floor>
        </Floors>
        <SpaceInfo>
            <Floor id="0" name="지하주차장" longname="708317835" baseFloor="1" level="0.000000" />
            <Floor id="1" name="A동" longname="30448272" baseFloor="2" level="0.000000" />
            <Floor id="2" name="B동" longname="2124165833" baseFloor="3" level="0.000000" />
            <Floor id="3" name="판매시설" longname="933187735" baseFloor="4" level="0.000000" />
            <Floor id="4" name="기타시설" longname="138988933" baseFloor="5" level="0.000000" />
        </SpaceInfo>
        <ObjectHierarchy>
            <Entity id="0" name="지하주차장" type="Floor" longname="708317835">
                <Entity id="5" name="MERGED_0_KTDS_Out_/KTDS_Out_All_T06_0" longname="" type="MERGED" />
                <Entity id="6" name="MERGED_0_KTDS_Out_/KTDS_Out_All_T08_0" longname="" type="MERGED" />
            </Entity>
            <Entity id="1" name="A동" type="Floor" longname="30448272">
                <Entity id="5" name="MERGED_1_KTDS_Out_/KTDS_Out_All_T01_0" longname="" type="MERGED" />
                <Entity id="6" name="MERGED_1_KTDS_Out_/KTDS_Out_All_T07_0" longname="" type="MERGED" />
                <Entity id="7" name="MERGED_1_KTDS_Out_/KTDS_Out_All_T09_0" longname="" type="MERGED" />
            </Entity>
            <Entity id="2" name="B동" type="Floor" longname="2124165833">
                <Entity id="9" name="MERGED_2_KTDS_Out_/ESC_t01_0" longname="" type="MERGED" />
                <Entity id="10" name="MERGED_2_KTDS_Out_/ESC_t02_0" longname="" type="MERGED" />
                <Entity id="5" name="MERGED_2_KTDS_Out_/KTDS_Out_All_T02_0" longname="" type="MERGED" />
                <Entity id="7" name="MERGED_2_KTDS_Out_/KTDS_Out_All_T04_0" longname="" type="MERGED" />
                <Entity id="6" name="MERGED_2_KTDS_Out_/KTDS_Out_All_T07_0" longname="" type="MERGED" />
                <Entity id="8" name="MERGED_2_KTDS_Out_/KTDS_Out_All_T09_0" longname="" type="MERGED" />
            </Entity>
            <Entity id="3" name="판매시설" type="Floor" longname="933187735">
                <Entity id="5" name="MERGED_3_KTDS_Out_/KTDS_Out_All_T02_0" longname="" type="MERGED" />
                <Entity id="8" name="MERGED_3_KTDS_Out_/KTDS_Out_All_T04_0" longname="" type="MERGED" />
                <Entity id="6" name="MERGED_3_KTDS_Out_/KTDS_Out_All_T05_0" longname="" type="MERGED" />
                <Entity id="7" name="MERGED_3_KTDS_Out_/KTDS_Out_All_T07_0" longname="" type="MERGED" />
                <Entity id="9" name="MERGED_3_KTDS_Out_/KTDS_Out_All_T09_0" longname="" type="MERGED" />
            </Entity>
            <Entity id="4" name="기타시설" type="Floor" longname="138988933">
                <Entity id="11" name="MERGED_4_KTDS_Out_/ESC_t01_0" longname="" type="MERGED" />
                <Entity id="12" name="MERGED_4_KTDS_Out_/ESC_t02_0" longname="" type="MERGED" />
                <Entity id="5" name="MERGED_4_KTDS_Out_/KTDS_Out_All_T02_0" longname="" type="MERGED" />
                <Entity id="6" name="MERGED_4_KTDS_Out_/KTDS_Out_All_T03_0" longname="" type="MERGED" />
                <Entity id="9" name="MERGED_4_KTDS_Out_/KTDS_Out_All_T04_0" longname="" type="MERGED" />
                <Entity id="7" name="MERGED_4_KTDS_Out_/KTDS_Out_All_T05_0" longname="" type="MERGED" />
                <Entity id="13" name="MERGED_4_KTDS_Out_/KTDS_Out_All_T06_0" longname="" type="MERGED" />
                <Entity id="8" name="MERGED_4_KTDS_Out_/KTDS_Out_All_T07_0" longname="" type="MERGED" />
                <Entity id="10" name="MERGED_4_KTDS_Out_/KTDS_Out_All_T09_0" longname="" type="MERGED" />
            </Entity>
        </ObjectHierarchy>
    </Building>
</Project>
